{
  "app": {
    "bot": {
      "token": "5533254941:AAE6PSb-RFVY3CsFkkhJeG0F-YMjEPpXFng",
      "chat": "-586279286",
      "replyTo": ""
    },
    "base": {
      "lang": "en",
      "messenger": "telegram",
      "allureFolder": "allure-report/",
      "allureLinkPath": "allure",
      "chart": true,
      "chartName": "",
      "project": ""
    },
    "mail": {
      "host": "",
      "port": "",
      "username": "",
      "password": "",
      "enableSSL": false,
      "from": "",
      "recipient": ""
    },
    "mattermost": {
      "url": ""
    },
    "proxy": {
      "host": "",
      "port": 0,
      "username": "",
      "password": ""
    },
    "skype": {
      "appId": "",
      "appSecret": "",
      "serviceUrl": "",
      "conversationId": "",
      "botId": "",
      "botName": ""
    }
  }
}
